PROMPT SCRIPT: 교재용 샘플 데이터 생성
SET FEEDBACK OFF
SET DEFINE OFF
PROMPT Initializing...
DROP TABLE COUNTRY CASCADE CONSTRAINTS;
DROP TABLE DEPARTMENT CASCADE CONSTRAINTS;
DROP TABLE EMPLOYEE CASCADE CONSTRAINTS;
DROP TABLE JOB CASCADE CONSTRAINTS;
DROP TABLE SAL_GRADE CASCADE CONSTRAINTS;
DROP TABLE LOCATION CASCADE CONSTRAINTS;
DROP TABLE EMP_DEPT;
DROP TABLE ID_PWD CASCADE CONSTRAINTS;
DROP TABLE DEPARTMENT2;
DROP TABLE EMPLOYEE2;
DROP TABLE DEPARTMENT3;
DROP TABLE IDX_EXAM_EMPLOYEE;
DROP TABLE ROLE_HISTORY;
DROP TABLE EMPLOYEE_ROLE;
DROP TABLE COLUMN_LENGTH;
DROP TABLE DEPARTMENT_SETNULL CASCADE CONSTRAINTS;
DROP TABLE EMPLOYEE_SETNULL CASCADE CONSTRAINTS;
DROP TABLE DEPARTMENT_CASCADE CASCADE CONSTRAINTS;
DROP TABLE EMPLOYEE_CASCADE CASCADE CONSTRAINTS;

PROMPT CREATING COUNTRY...
CREATE TABLE COUNTRY
(
  COUNTRY_ID   CHAR(2),
  COUNTRY_NAME VARCHAR2(30) NOT NULL,
  CONSTRAINT PK_CTRID PRIMARY KEY(COUNTRY_ID)
);
COMMENT ON COLUMN COUNTRY.COUNTRY_ID IS '국가 코드';
COMMENT ON COLUMN COUNTRY.COUNTRY_NAME IS '국가 이름';

PROMPT CREATING LOCATION...
CREATE TABLE LOCATION
(
  LOCATION_ID CHAR(2) ,
  COUNTRY_ID  CHAR(2),
  LOC_DESCRIBE VARCHAR2(40),
  CONSTRAINT PK_LOCID PRIMARY KEY(LOCATION_ID),
  CONSTRAINT FK_CTRID FOREIGN KEY(COUNTRY_ID) REFERENCES COUNTRY
);
COMMENT ON COLUMN LOCATION.LOCATION_ID IS '지역 코드';
COMMENT ON COLUMN LOCATION.COUNTRY_ID IS '국가 코드';
COMMENT ON COLUMN LOCATION.LOC_DESCRIBE IS '지역 설명';

PROMPT CREATING DEPARTMENT...
CREATE TABLE DEPARTMENT
(
  DEPT_ID        CHAR(2) ,
  DEPT_NAME VARCHAR2(30),
  LOC_ID           CHAR(2) CONSTRAINT NN_LOCID NOT NULL,
  CONSTRAINT PK_DEPTID PRIMARY KEY(DEPT_ID),
  CONSTRAINT FK_LOCID FOREIGN KEY(LOC_ID) REFERENCES LOCATION
);
COMMENT ON COLUMN DEPARTMENT.DEPT_ID IS '부서 코드';
COMMENT ON COLUMN DEPARTMENT.DEPT_NAME IS '부서 이름';
COMMENT ON COLUMN DEPARTMENT.LOC_ID IS '지역 코드';

PROMPT CREATING JOB...
CREATE TABLE JOB
(
  JOB_ID     CHAR(2) ,
  JOB_TITLE  VARCHAR2(35),
  MIN_SAL  NUMBER,
  MAX_SAL NUMBER,
  CONSTRAINT PK_JOBID PRIMARY KEY(JOB_ID)
);
COMMENT ON COLUMN JOB.JOB_ID IS '직급 코드';
COMMENT ON COLUMN JOB.JOB_TITLE IS '직급 이름';
COMMENT ON COLUMN JOB.MIN_SAL IS '최소 급여';
COMMENT ON COLUMN JOB.MAX_SAL IS '최대 급여';

PROMPT CREATING SAL_GRADE...
CREATE TABLE SAL_GRADE
(
 SLEVEL  CHAR(1) PRIMARY KEY,
 LOWEST  NUMBER,
 HIGHEST NUMBER
);
COMMENT ON COLUMN SAL_GRADE.SLEVEL IS '급여 레벨';
COMMENT ON COLUMN SAL_GRADE.LOWEST IS '하한 값';
COMMENT ON COLUMN SAL_GRADE.HIGHEST IS '상한 값';

PROMPT CREATING EMPLOYEE...
CREATE TABLE EMPLOYEE
(EMP_ID           CHAR(3) CONSTRAINT PK_EMPID PRIMARY KEY,
 EMP_NAME    VARCHAR2(20) CONSTRAINT NN_ENAME NOT NULL, 
 EMP_NO          CHAR(14) CONSTRAINT NN_EMPNO NOT NULL, 
 EMAIL               VARCHAR2(25),
 PHONE             VARCHAR2(12),
 HIRE_DATE       DATE DEFAULT SYSDATE,
 JOB_ID             CHAR(2), 
 SALARY             NUMBER,
 BONUS_PCT     NUMBER,
 MARRIAGE       CHAR(1) DEFAULT 'N',
 MGR_ID           CHAR(3) ,
 DEPT_ID          CHAR(2)      CONSTRAINT FK_DEPTID REFERENCES DEPARTMENT ,
 CONSTRAINT FK_JOBID FOREIGN KEY(JOB_ID) REFERENCES JOB(JOB_ID)  ,
 CONSTRAINT CHK_MRIG CHECK (MARRIAGE IN ('Y','N')),
 CONSTRAINT UNI_EMPNO UNIQUE(EMP_NO)
);
COMMENT ON COLUMN EMPLOYEE.EMP_ID IS '사번';
COMMENT ON COLUMN EMPLOYEE.EMP_NAME IS '이름';
COMMENT ON COLUMN EMPLOYEE.EMP_NO IS '주민번호';
COMMENT ON COLUMN EMPLOYEE.EMAIL IS 'e-Mail';
COMMENT ON COLUMN EMPLOYEE.PHONE IS '전화번호';
COMMENT ON COLUMN EMPLOYEE.HIRE_DATE IS '입사일';
COMMENT ON COLUMN EMPLOYEE.JOB_ID IS '직급 코드';
COMMENT ON COLUMN EMPLOYEE.SALARY IS '급여';
COMMENT ON COLUMN EMPLOYEE.BONUS_PCT IS '보너스 지급율';
COMMENT ON COLUMN EMPLOYEE.MARRIAGE IS '결혼 여부';
COMMENT ON COLUMN EMPLOYEE.MGR_ID IS '관리자 사번';
COMMENT ON COLUMN EMPLOYEE.DEPT_ID IS '부서 코드';

PROMPT CREATING ID_PWD...
CREATE TABLE ID_PWD
(EMP_ID CHAR(3), 
 ID VARCHAR2(50),
 PASSWORD VARCHAR2(30)
 );
COMMENT ON COLUMN ID_PWD.EMP_ID IS '사번';
COMMENT ON COLUMN ID_PWD.ID IS '계정';
COMMENT ON COLUMN ID_PWD.PASSWORD IS '비밀번호';

PROMPT CREATING EMPLOYEE_ROLE...
CREATE TABLE EMPLOYEE_ROLE
(EMP_ID      CHAR(3),
 EMP_NAME    VARCHAR2(20), 
 EMP_NO      CHAR(14), 
 EMAIL       VARCHAR2(25),
 PHONE       VARCHAR2(12),
 HIRE_DATE   DATE,
 JOB_ID      CHAR(2), 
 SALARY      NUMBER,
 BONUS_PCT   NUMBER,
 MARRIAGE    CHAR(1),
 MGR_ID      CHAR(3),
 DEPT_ID     CHAR(2),
 ROLE_NAME   VARCHAR2(50)
);
COMMENT ON COLUMN EMPLOYEE_ROLE.EMP_ID IS '사번';
COMMENT ON COLUMN EMPLOYEE_ROLE.EMP_NAME IS '이름';
COMMENT ON COLUMN EMPLOYEE_ROLE.EMP_NO IS '주민번호';
COMMENT ON COLUMN EMPLOYEE_ROLE.EMAIL IS 'e-Mail';
COMMENT ON COLUMN EMPLOYEE_ROLE.PHONE IS '전화번호';
COMMENT ON COLUMN EMPLOYEE_ROLE.HIRE_DATE IS '입사일';
COMMENT ON COLUMN EMPLOYEE_ROLE.JOB_ID IS '직급 코드';
COMMENT ON COLUMN EMPLOYEE_ROLE.SALARY IS '급여';
COMMENT ON COLUMN EMPLOYEE_ROLE.BONUS_PCT IS '보너스 지급율';
COMMENT ON COLUMN EMPLOYEE_ROLE.MARRIAGE IS '결혼 여부';
COMMENT ON COLUMN EMPLOYEE_ROLE.MGR_ID IS '관리자 사번';
COMMENT ON COLUMN EMPLOYEE_ROLE.DEPT_ID IS '부서 코드';
COMMENT ON COLUMN EMPLOYEE_ROLE.ROLE_NAME IS 'ROLE 이름';

PROMPT CREATING ROLE_HISTORY...
CREATE TABLE ROLE_HISTORY
(EMP_ID CHAR(3), 
 START_DATE DATE,
 END_DATE DATE,
 ROLE_NAME VARCHAR2(30),
 DEPT_ID CHAR(2)
 );
COMMENT ON COLUMN ROLE_HISTORY.EMP_ID IS '사번';
COMMENT ON COLUMN ROLE_HISTORY.START_DATE IS 'ROLE 시작일';
COMMENT ON COLUMN ROLE_HISTORY.END_DATE IS 'ROLE 종료일';
COMMENT ON COLUMN ROLE_HISTORY.DEPT_ID IS '부서 코드';

PROMPT CREATING EMP_DEPT...
CREATE TABLE EMP_DEPT
(EMP_ID    CHAR(3),
 EMP_NAME  VARCHAR2(20),
 DEPT_NAME VARCHAR2(20)
);
COMMENT ON COLUMN EMP_DEPT.EMP_ID IS '사번';
COMMENT ON COLUMN EMP_DEPT.EMP_NAME IS '이름';
COMMENT ON COLUMN EMP_DEPT.DEPT_NAME IS '부서이름';

PROMPT CREATING COLUMN_LENGTH...  
CREATE TABLE COLUMN_LENGTH
( CHARTYPE CHAR(20),
  VARCHARTYPE VARCHAR2(20)
);
COMMENT ON COLUMN COLUMN_LENGTH.CHARTYPE IS 'CHARACTER TYPE 컬럼';
COMMENT ON COLUMN COLUMN_LENGTH.VARCHARTYPE IS 'VARCHAR2 TYPE 컬럼';  

PROMPT LOADING COUNTRY...
INSERT into country values ('KO', '한국' );
INSERT into country values ('JP', '일본' );
INSERT into country values ('CH', '중국' );
INSERT into country values ('US', '미국' );
INSERT into country values ('ID', '인도' );

PROMPT LOADING LOCATION...
INSERT into location values ('A1', 'KO', '아시아지역1' );
INSERT into location values ('A2', 'JP', '아시아지역2' );
INSERT into location values ('A3', 'CH', '아시아지역3' );
INSERT into location values ('U1', 'US', '미주지역' );
INSERT into location values ('OT', 'ID', '기타지역' );

PROMPT LOADING JOB...
INSERT into job values ('J1', '대표이사', 200000000, 400000000 );
INSERT into job values ('J2', '부사장', 150000000, 300000000 );
INSERT into job values ('J3', '부장', 70000000, 100000000 );
INSERT into job values ('J4', '차장', 50000000, 80000000 );
INSERT into job values ('J5', '과장', 42000000, 60000000 );
INSERT into job values ('J6', '대리', 38000000, 56000000 );
INSERT into job values ('J7', '사원', 20000000, 40000000 );

PROMPT LOADING SAL_GRADE...
INSERT into SAL_GRADE values ('A', 3000000, 9000000 );
INSERT into SAL_GRADE values ('B', 2500000, 2999999 );
INSERT into SAL_GRADE values ('C', 2000000, 2499999 );
INSERT into SAL_GRADE values ('D', 1500000, 1999999 );
INSERT into SAL_GRADE values ('E', 1000000, 1499999 );

PROMPT LOADING DEPARTMENT...
INSERT into department values ('20', '회계팀', 'A1' );
INSERT into department values ('10', '본사 인사팀', 'A1' );
INSERT into department values ('50', '해외영업1팀', 'U1' );
INSERT into department values ('60', '기술지원팀', 'OT' );
INSERT into department values ('80', '해외영업2팀', 'A2' );
INSERT into department values ('90', '해외영업3팀', 'A3' );
INSERT into department values ('30', '마케팅팀', 'A1' );

PROMPT LOADING EMPLOYEE...
INSERT INTO EMPLOYEE VALUES ('100', '한선기', '621133-1483658', 'sg_ahn@vcc.com', '0199949999', TO_DATE('90/04/01 13:30:30','YY/MM/DD HH24:MI:SS'), 'J1', 9000000, .2, 'Y', '', '90' );
INSERT INTO EMPLOYEE VALUES ('101', '강중훈', '621136-1006405', 'jh_park@vcc.com', '0193334433', '04/04/30', 'J2', 5500000,null , 'Y', '100', '90' );
INSERT INTO EMPLOYEE VALUES ('102', '최만식', '861011-1940062', 'ms_choi@vcc.com', '0198879908', '95/12/30', 'J2', 3600000,null , 'Y', '101', '90' );
INSERT INTO EMPLOYEE VALUES ('103', '정도연', '631127-2519077', 'sy_kang@vcc.com', '0196654436', '97/06/03', 'J4', 2600000,null , 'Y', '104', '60' );
INSERT INTO EMPLOYEE VALUES ('104', '안석규', '651031-1962810', 'sg_han@vcc.com', '0192347654', '98/07/01', 'J3', 3500000, .25, 'Y', '100', '60' );
INSERT INTO EMPLOYEE VALUES ('107', '조재형', '721128-1732822', 'jh_jo@vcc.com', '0193325548', '98/11/23', 'J3', 3800000,null , 'Y', '104', '60' );
INSERT INTO EMPLOYEE VALUES ('124', '정지현', '641231-2269080', 'jih_jeon@vcc.com', '01922976129', '04/07/15', 'J7', 1500000,null , 'N', '141', '50' );
INSERT INTO EMPLOYEE VALUES ('141', '김예수', '651122-2592930', 'hs_kim@vcc.com', '0194087600', '01/03/20', 'J5', 2100000, .1, 'Y', '100', '50' );
INSERT INTO EMPLOYEE VALUES ('143', '나승원', '871024-1945881', 'sw_cha@vcc.com', '0197243979', '01/03/20', 'J5', 2300000,null , 'Y', '141', '50' );
INSERT INTO EMPLOYEE VALUES ('144', '김순이', '741122-2515789', 'sm_kim@vcc.com', '0192213306', '99/10/20', 'J3', 3400000, .1, 'Y', '141', '50' );
INSERT INTO EMPLOYEE VALUES ('149', '성해교', '640524-2148639', 'hg_song@vcc.com', '01992882295', '03/08/16', 'J7', 1900000,null , 'N', '141', '50' );
INSERT INTO EMPLOYEE VALUES ('174', '전우성', '821121-1660412', 'ws_jeong@vcc.com', '0193243388', '02/07/14', 'J6', 2090000,null , 'Y', '100', '80' );
INSERT INTO EMPLOYEE VALUES ('176', '엄정하', '791217-2230420', 'jh_um@vcc.com', '0194769665', '04/07/21', 'J6', 2420000, .2, 'Y', '174', '80' );
INSERT INTO EMPLOYEE VALUES ('178', '심하균', '611121-1673370', 'hk_shin@vcc.com', '0197122111', '04/09/30', '', 2300000, .3, 'Y', '', '' );
INSERT INTO EMPLOYEE VALUES ('200', '고승우', '840217-1776881', 'sw_jo@vcc.com', '0193475512', '03/04/11', 'J7', 1500000,null , 'Y', '100', '10' );
INSERT INTO EMPLOYEE VALUES ('201', '박하일', '891225-1069101', 'hi_park@vcc.com', '01951564413', '04/11/10', 'J5', 2600000,null , 'Y', '', '50' );
INSERT INTO EMPLOYEE VALUES ('202', '권상후', '790331-1662986', 'sw_kwon@vcc.com', '0196640090', '01/05/20', 'J6', 3410000, .2, 'Y', '200', '10' );
INSERT INTO EMPLOYEE VALUES ('205', '임영애', '790833-2105839', 'jangum_lee@vcc.com', '0191132477', '00/01/31', 'J6', 2640000, .15, 'N', '200', '10' );
INSERT INTO EMPLOYEE VALUES ('206', '염정하', '860122-2785746', 'jh_yeum@vcc.com', '01997546623', '03/09/17', 'J7', 1500000,null , 'Y', '', '' );
INSERT INTO EMPLOYEE VALUES ('207', '김술오', '640226-1358242', 'so_kim@vcc.com', '', '96/10/01', 'J4', 2500000,null , 'Y', '', '20' );
INSERT INTO EMPLOYEE VALUES ('208', '이중기', '790411-1452247', 'jk_lee@vcc.com', '', '04/10/01', 'J4', 2500000,null , 'Y', '', '20' );
INSERT INTO EMPLOYEE VALUES ('210', '감우섭', '700813-1766819', 'manofking@vcc.com', '', '05/07/31', 'J4', 2500000,null , 'Y', '', '20' );

PROMPT LOADING EMPLOYEE_ROLE...
INSERT INTO EMPLOYEE_ROLE VALUES ('100', '한선기', '621133-1483658', 'sg_ahn@vcc.com', '0199949999', '90/04/01', 'J1', 9000000, .2, 'Y', '', '90', 'SALES' );
INSERT INTO EMPLOYEE_ROLE VALUES ('101', '강중훈', '621136-1006405', 'jh_park@vcc.com', '0193334433', '04/04/30', 'J2', 5500000, null , 'Y', '100', '90', 'SALES' );
INSERT INTO EMPLOYEE_ROLE VALUES ('102', '최만식', '861011-1940062', 'ms_choi@vcc.com', '0198879908', '95/12/30', 'J2', 3600000,null , 'Y', '101', '90', 'SALES' );
INSERT INTO EMPLOYEE_ROLE VALUES ('103', '정도연', '631127-2519077', 'sy_kang@vcc.com', '0196654436', '97/06/03', 'J4', 2600000,null , 'Y', '104', '60', 'SE' );
INSERT into employee_role values ('104', '안석규', '651031-1962810', 'sg_han@vcc.com', '0192347654', '98/07/01', 'J3', 3500000, .25, 'Y', '100', '60','SE' );
INSERT INTO EMPLOYEE_ROLE VALUES ('107', '조재형', '721128-1732822', 'jh_jo@vcc.com', '0193325548', '98/11/23', 'J3', 3800000,null , 'Y', '104', '60', 'SE' );
INSERT INTO EMPLOYEE_ROLE VALUES ('124', '정지현', '641231-2269080', 'jih_jeon@vcc.com', '01922976129', '04/07/15', 'J7', 1500000,null , 'N', '141', '50', 'MKT' );
INSERT INTO EMPLOYEE_ROLE VALUES ('141', '김예수', '651122-2592930', 'hs_kim@vcc.com', '0194087600', '01/03/20', 'J5', 2100000, .1, 'Y', '100', '50', 'MKT' );
INSERT INTO EMPLOYEE_ROLE VALUES ('143', '나승원', '871024-1945881', 'sw_cha@vcc.com', '0197243979', '01/03/20', 'J5', 2300000,null , 'Y', '141', '50', 'MKT' );
INSERT INTO EMPLOYEE_ROLE VALUES ('144', '김순이', '741122-2515789', 'sm_kim@vcc.com', '0192213306', '99/10/20', 'J3', 3400000, .1, 'Y', '141', '50', 'MKT' );
INSERT INTO EMPLOYEE_ROLE VALUES ('149', '성해교', '640524-2148639', 'hg_song@vcc.com', '01992882295', '03/08/16', 'J7', 1900000,null , 'N', '141', '50', 'MKT' );
INSERT INTO EMPLOYEE_ROLE VALUES ('174', '전우성', '821121-1660412', 'ws_jeong@vcc.com', '0193243388', '02/07/14', 'J6', 2090000,null , 'Y', '100', '80', 'SALES-MKT' );
INSERT INTO EMPLOYEE_ROLE VALUES ('176', '엄정하', '791217-2230420', 'jh_um@vcc.com', '0194769665', '04/07/21', 'J6', 2420000, .2, 'Y', '174', '80', 'SALES-MKT' );
INSERT INTO EMPLOYEE_ROLE VALUES ('178', '심하균', '611121-1673370', 'hk_shin@vcc.com', '0197122111', '04/09/30', '', 2300000, .3, 'Y', '', '', '' );
INSERT INTO EMPLOYEE_ROLE VALUES ('200', '고승우', '840217-1776881', 'sw_jo@vcc.com', '0193475512', '03/04/11', 'J7', 1500000,null , 'Y', '100', '10', 'HR' );
INSERT INTO EMPLOYEE_ROLE VALUES ('201', '박하일', '891225-1069101', 'hi_park@vcc.com', '01951564413', '04/11/10', 'J5', 2600000, null, 'Y', '', '50', 'MKT' );
INSERT INTO EMPLOYEE_ROLE VALUES ('202', '권상후', '790331-1662986', 'sw_kwon@vcc.com', '0196640090', '01/05/20', 'J6', 3410000, .2, 'Y', '200', '10', 'HR' );                                                                          
INSERT INTO EMPLOYEE_ROLE VALUES ('205', '임영애', '790833-2105839', 'jangum_lee@vcc.com', '0191132477', '00/01/31', 'J6', 2640000, .15, 'N', '200', '10', 'HR' );
INSERT INTO EMPLOYEE_ROLE VALUES ('206', '염정하', '860122-2785746', 'jh_yeum@vcc.com', '01997546623', '03/09/17', 'J7', 1500000,null , 'Y', '', '', '' );
INSERT INTO EMPLOYEE_ROLE VALUES ('207', '김술오', '640226-1358242', 'so_kim@vcc.com', '', '96/10/01', 'J4', 2500000,null , 'Y', '', '20', 'FIN' );
INSERT INTO EMPLOYEE_ROLE VALUES ('208', '이중기', '790411-1452247', 'jk_lee@vcc.com', '', '04/10/01', 'J4', 2500000,null , 'Y', '', '20', 'FIN' );
INSERT INTO EMPLOYEE_ROLE VALUES ('210', '감우섭', '700813-1766819', 'manofking@vcc.com', '', '05/07/31', 'J4', 2500000,null , 'Y', '', '20', 'FIN' );

PROMPT LOADING ROLE_HISTORY...
INSERT INTO ROLE_HISTORY VALUES ('104', '98/07/01', '01/12/31', 'SE-PKG', '90' );      
INSERT INTO ROLE_HISTORY VALUES ('176', '04/07/21', '04/12/31', 'MKT', '50' );         
INSERT INTO ROLE_HISTORY VALUES ('104', '02/01/01', '02/12/31', 'SE-ANLY', '90' );     
INSERT INTO ROLE_HISTORY VALUES ('104', '03/01/01', '03/12/31', 'SE', '60' );

PROMPT LOADING ID_PWD...
INSERT INTO ID_PWD VALUES ('100', 'sg_ahn', 'NowhereToHide' );
INSERT INTO ID_PWD VALUES ('101', 'jh_park', 'RadioStar' );
INSERT INTO ID_PWD VALUES ('102', 'ms_choi', 'oldboy' );
INSERT INTO ID_PWD VALUES ('103', 'sy_kang', 'SecretSunshine' );
INSERT INTO ID_PWD VALUES ('104', 'sg_han', 'TheScarletLetter' );
INSERT INTO ID_PWD VALUES ('107', 'jh_jo', 'BadGuy' );
INSERT INTO ID_PWD VALUES ('124', 'jih_jeon', 'MySassyGirl' );
INSERT INTO ID_PWD VALUES ('141', 'hs_kim', 'GoodWindyDay' );
INSERT INTO ID_PWD VALUES ('143', 'sw_cha', 'SouthOfTheBorder' );
INSERT INTO ID_PWD VALUES ('144', 'sm_kim', 'Mapado' );
INSERT INTO ID_PWD VALUES ('149', 'hg_song', 'hwangjiny' );
INSERT INTO ID_PWD VALUES ('174', 'ws_jeong', 'MuttBoy' );
INSERT INTO ID_PWD VALUES ('176', 'jh_um', 'CrazyMarriage' );
INSERT INTO ID_PWD VALUES ('178', 'hk_shin', 'WelcomeToDongmakgol' );
INSERT INTO ID_PWD VALUES ('200', 'sw_jo', 'TheWarOfFlower' );
INSERT INTO ID_PWD VALUES ('201', 'hi_park', 'paradise' );
INSERT INTO ID_PWD VALUES ('202', 'sw_kwon', 'Maljukgeori' );
INSERT INTO ID_PWD VALUES ('205', 'jangum_lee', 'SympathyForLadyVengeance');
INSERT INTO ID_PWD VALUES ('206', 'jh_yeum', 'LovelyRivals' );
INSERT INTO ID_PWD VALUES ('207', 'so_kim', 'ACruelAttendance' );
INSERT INTO ID_PWD VALUES ('208', 'jk_lee', 'KingAndTheClown' );
INSERT INTO ID_PWD VALUES ('210', 'manofking', 'BigBang');

ALTER TABLE EMPLOYEE
ADD CONSTRAINT FK_MGRID FOREIGN KEY (MGR_ID) REFERENCES EMPLOYEE (EMP_ID);

PROMPT LOADING COLUMN_LENGTH...
INSERT INTO COLUMN_LENGTH VALUES ('LG CNS','LG CNS');
INSERT INTO COLUMN_LENGTH VALUES ('엘지씨엔에스','엘지씨엔에스');

PROMPT CREATING AND LOADING DEPARTMENT2...
CREATE TABLE DEPARTMENT2 AS SELECT * FROM DEPARTMENT;
ALTER TABLE DEPARTMENT2 ADD (MGR_ID CHAR(03));

PROMPT CREATING AND LOADING EMPLOYEE2...
CREATE TABLE EMPLOYEE2 AS SELECT * FROM EMPLOYEE;
ALTER TABLE EMPLOYEE2 ADD (LOC_ID CHAR(02));
UPDATE EMPLOYEE2 SET LOC_ID='A1';
COMMIT;

PROMPT CREATING AND LOADING DEPTARTMENT3...
CREATE TABLE DEPARTMENT3 AS SELECT * FROM DEPARTMENT;

PROMPT CREATING AND LOADING DEPARTMENT_SETNULL...
CREATE TABLE DEPARTMENT_SETNULL AS SELECT * FROM DEPARTMENT;
ALTER TABLE DEPARTMENT_SETNULL ADD PRIMARY KEY (DEPT_ID);

PROMPT CREATING AND LOADING EMPLOYEE_SETNULL...
CREATE TABLE EMPLOYEE_SETNULL AS SELECT * FROM EMPLOYEE;
ALTER TABLE EMPLOYEE_SETNULL ADD FOREIGN KEY (DEPT_ID) REFERENCES DEPARTMENT_SETNULL ON DELETE SET NULL; 

PROMPT CREATING AND LOADING DEPARTMENT_CASCADE...
CREATE TABLE DEPARTMENT_CASCADE AS SELECT * FROM DEPARTMENT;
ALTER TABLE DEPARTMENT_CASCADE ADD PRIMARY KEY (DEPT_ID);

PROMPT CREATING AND LOADING EMPLOYEE_CASCADE...
CREATE TABLE EMPLOYEE_CASCADE AS SELECT * FROM EMPLOYEE;
ALTER TABLE EMPLOYEE_CASCADE ADD FOREIGN KEY (DEPT_ID) REFERENCES DEPARTMENT_CASCADE ON DELETE CASCADE; 

PROMPT CREATING AND LOADING IDX_EXAM_EMPLOYEE...
CREATE TABLE IDX_EXAM_EMPLOYEE AS SELECT * FROM EMPLOYEE;

COMMIT;

PROMPT Completed!!!




